{
	"nav": [
		{
			"1": "首页",
			"2": "首页",
			"3": "首页",
			"4": "首页",
			"5": "首页",
			"6": "首页"
		}, {
			"1": "番剧",
			"2": "番剧",
			"3": "番剧",
			"4": "番剧",
			"5": "番剧",
			"6": "番剧"
		}, {
			"1": "动画",
			"2": "动画",
			"3": "动画",
			"4": "动画",
			"5": "动画",
			"6": "动画"
		}, {
			"1": "音乐",
			"2": "音乐",
			"3": "音乐",
			"4": "音乐",
			"5": "音乐",
			"6": "音乐"
		}, {
			"1": "舞蹈",
			"2": "舞蹈",
			"3": "舞蹈",
			"4": "舞蹈",
			"5": "舞蹈",
			"6": "舞蹈"
		}, {
			"1": "游戏",
			"2": "游戏",
			"3": "游戏",
			"4": "游戏",
			"5": "游戏",
			"6": "游戏"
		}, {
			"1": "娱乐",
			"2": "娱乐",
			"3": "娱乐",
			"4": "娱乐",
			"5": "娱乐",
			"6": "娱乐"
		}, {
			"1": "科技",
			"2": "科技",
			"3": "科技",
			"4": "科技",
			"5": "科技",
			"6": "科技"
		}, {
			"1": "影视",
			"2": "影视",
			"3": "影视",
			"4": "影视",
			"5": "影视",
			"6": "影视"
		}, {
			"1": "体育",
			"2": "体育",
			"3": "体育",
			"4": "体育",
			"5": "体育",
			"6": "体育"
		}
	],
	"essay":[
		{
			"src":"img/essay1.png",
			"info":"我们是热议！我们是热议！我们是热议！我们是热议！"
		},
		{
			"src":"img/essay2.png",
			"info":"我们是综合！我们是综合！我们是综合！我们是综合！"
		},
		{
			"src":"img/essay3.jpg",
			"info":"我们是工作！我们是工作！我们是工作！我们是工作！"
		},
		{
			"src":"img/essay4.png",
			"info":"我们是动漫！我们是动漫！我们是动漫！我们是动漫！"
		},
		{
			"src":"img/essay5.png",
			"info":"我们是漫画！我们是漫画！我们是漫画！我们是漫画！"
		},
		{
			"src":"img/essay6.jpg",
			"info":"我们是游戏！我们是游戏！我们是游戏！我们是游戏！"
		}
	]
}













